{
    "tp": 344,
    "fp": 3752,
    "fn": 0,
    "tn": 0,
    "precision": 0.083984375,
    "recall": 1.0,
    "mcc": 0.0,
    "mcc_threshold": 0.5,
    "precision_threshold": 0.8,
    "passed": false,
    "timestamp": "2026-06-09T13:48:54.004270+00:00Z"
}